Date,split,Actual,Naive,Seasonal Naive (7d),SARIMA,XGBoost
2018-08-08 00:00:00+00:00,val,40.510416666666664,107.93181818181819,48.1875,69.96642083600926,95.74923
2018-08-09 00:00:00+00:00,val,42.166666666666664,107.93181818181819,88.40217391304348,72.80930023849602,86.662315
2018-08-10 00:00:00+00:00,val,45.71875,107.93181818181819,118.36904761904762,70.03155251997728,85.20046
2018-08-11 00:00:00+00:00,val,58.911764705882355,107.93181818181819,102.68353174603175,70.66255975489479,83.07045
2018-08-12 00:00:00+00:00,val,62.75,107.93181818181819,86.99801587301587,72.1585053578658,82.53062
2018-08-13 00:00:00+00:00,val,27.833333333333332,107.93181818181819,71.3125,67.92456197937909,82.071556
2018-08-14 00:00:00+00:00,val,49.71739130434783,107.93181818181819,107.93181818181819,67.45515196301935,82.0061
2018-08-15 00:00:00+00:00,val,55.20238095238095,107.93181818181819,48.1875,66.76742002082321,81.82959
2018-08-16 00:00:00+00:00,val,57.33648459383753,107.93181818181819,88.40217391304348,69.52103608053346,75.743225
2018-08-17 00:00:00+00:00,val,59.470588235294116,107.93181818181819,118.36904761904762,66.64662294250007,76.495964
2018-08-18 00:00:00+00:00,val,60.33695652173913,107.93181818181819,102.68353174603175,67.18845696335903,75.39454
2018-08-19 00:00:00+00:00,val,46.6,107.93181818181819,86.99801587301587,68.59863068358825,71.40731
2018-08-20 00:00:00+00:00,val,35.92111111111112,107.93181818181819,71.3125,64.27157931250805,70.59302
2018-08-21 00:00:00+00:00,val,39.75,107.93181818181819,107.93181818181819,63.71737725782956,73.63359
2018-08-22 00:00:00+00:00,val,47.1875,107.93181818181819,48.1875,62.946712607423294,71.84399
2018-08-23 00:00:00+00:00,val,42.27777777777778,107.93181818181819,88.40217391304348,65.62533280056255,68.79881
2018-08-24 00:00:00+00:00,val,43.559090909090905,107.93181818181819,118.36904761904762,62.66905662136112,68.88472
2018-08-25 00:00:00+00:00,val,53.050000000000004,107.93181818181819,102.68353174603175,63.13706622379907,68.78305
2018-08-26 00:00:00+00:00,val,56.462500000000006,107.93181818181819,86.99801587301587,64.4773430633093,69.759705
2018-08-27 00:00:00+00:00,val,59.875,107.93181818181819,71.3125,60.07355322467307,68.85414
2018-08-28 00:00:00+00:00,val,58.71666666666667,107.93181818181819,107.93181818181819,59.4514342283186,68.774506
2018-08-29 00:00:00+00:00,val,41.45,107.93181818181819,48.1875,58.61519178254907,69.254715
2018-08-30 00:00:00+00:00,val,36.045833333333334,107.93181818181819,88.40217391304348,61.23664512003144,69.62148
2018-08-31 00:00:00+00:00,val,48.92999999999999,107.93181818181819,118.36904761904762,58.21676853299155,69.62148
2018-09-01 00:00:00+00:00,val,58.1025,107.93181818181819,102.68353174603175,58.6296577424605,70.02317
2018-09-02 00:00:00+00:00,val,67.275,107.93181818181819,86.99801587301587,59.91915922550783,69.28531
2018-09-03 00:00:00+00:00,val,49.49583333333334,107.93181818181819,71.3125,55.45813467707846,67.663185
2018-09-04 00:00:00+00:00,val,48.28333333333333,107.93181818181819,107.93181818181819,54.78799239047359,66.77342
2018-09-05 00:00:00+00:00,val,68.87083333333332,107.93181818181819,48.1875,53.906426617573025,61.22824
2018-09-06 00:00:00+00:00,val,65.725,107.93181818181819,88.40217391304348,56.49131950886794,58.578884
2018-09-07 00:00:00+00:00,val,51.835,107.93181818181819,118.36904761904762,53.42875730940418,57.291557
2018-09-08 00:00:00+00:00,val,38.11363636363637,107.93181818181819,102.68353174603175,53.807754214769155,53.578735
2018-09-09 00:00:00+00:00,val,62.00454545454545,107.93181818181819,86.99801587301587,55.06799505784963,52.55472
2018-09-10 00:00:00+00:00,val,52.73684210526316,107.93181818181819,71.3125,50.57149923210922,50.658447
2018-09-11 00:00:00+00:00,val,41.28095238095238,107.93181818181819,107.93181818181819,49.87535103575067,46.59505
2018-09-12 00:00:00+00:00,val,39.516666666666666,107.93181818181819,48.1875,48.970701849628504,45.50833
2018-09-13 00:00:00+00:00,val,25.45,107.93181818181819,88.40217391304348,51.54148571517424,46.549088
2018-09-14 00:00:00+00:00,val,52.012499999999996,107.93181818181819,118.36904761904762,48.458855222536556,45.967606
2018-09-15 00:00:00+00:00,val,45.25833333333333,107.93181818181819,102.68353174603175,48.826746134503864,46.1391
2018-09-16 00:00:00+00:00,val,38.50416666666667,107.93181818181819,86.99801587301587,50.08065326749269,46.25201
2018-09-17 00:00:00+00:00,val,40.391666666666666,107.93181818181819,71.3125,45.571714239035074,44.186943
2018-09-18 00:00:00+00:00,val,28.862499999999997,107.93181818181819,107.93181818181819,44.87269325607577,44.798622
2018-09-19 00:00:00+00:00,val,37.166666666666664,107.93181818181819,48.1875,43.96816619093566,43.76093
2018-09-20 00:00:00+00:00,val,40.425,107.93181818181819,88.40217391304348,46.5481069263894,39.99489
2018-09-21 00:00:00+00:00,val,46.36666666666667,107.93181818181819,118.36904761904762,43.468687878445074,36.592205
2018-09-22 00:00:00+00:00,val,47.89090909090908,107.93181818181819,102.68353174603175,43.84876880696935,34.445538
2018-09-23 00:00:00+00:00,val,35.387499999999996,107.93181818181819,86.99801587301587,45.11962559488737,35.273182
2018-09-24 00:00:00+00:00,val,47.208333333333336,107.93181818181819,71.3125,40.621474216621664,34.48168
2018-09-25 00:00:00+00:00,val,48.666666666666664,107.93181818181819,107.93181818181819,39.94276254071508,34.060623
2018-09-26 00:00:00+00:00,val,26.55454545454546,107.93181818181819,48.1875,39.06145825328988,35.616993
2018-09-27 00:00:00+00:00,val,18.404166666666665,107.93181818181819,88.40217391304348,41.67356319322133,33.88294
2018-09-28 00:00:00+00:00,val,29.929166666666664,107.93181818181819,118.36904761904762,38.62022336146654,36.197933
2018-09-29 00:00:00+00:00,val,39.93,107.93181818181819,102.68353174603175,39.03522547357204,34.410152
2018-09-30 00:00:00+00:00,val,46.25833333333333,107.93181818181819,86.99801587301587,40.345598208735865,34.693787
2018-10-01 00:00:00+00:00,val,45.434999999999995,107.93181818181819,71.3125,35.88059682858072,33.386948
2018-10-02 00:00:00+00:00,val,29.00909090909091,107.93181818181819,107.93181818181819,35.24435765279424,32.851532
2018-10-03 00:00:00+00:00,val,23.275000000000002,107.93181818181819,48.1875,34.408208647012295,32.970085
2018-10-04 00:00:00+00:00,val,27.58181818181818,107.93181818181819,88.40217391304348,37.07416906349613,32.57697
2018-10-05 00:00:00+00:00,val,29.65294117647059,107.93181818181819,118.36904761904762,34.068313696867804,31.280663
2018-10-06 00:00:00+00:00,val,41.12083333333333,107.93181818181819,102.68353174603175,34.53936086895147,30.641348
2018-10-07 00:00:00+00:00,val,29.145833333333332,107.93181818181819,86.99801587301587,35.91006558545165,30.28891
2018-10-08 00:00:00+00:00,val,28.599999999999998,107.93181818181819,71.3125,31.498685265798173,28.54936
2018-10-09 00:00:00+00:00,val,29.860000000000003,107.93181818181819,107.93181818181819,30.92505163781083,25.697308
2018-10-10 00:00:00+00:00,val,40.973333333333336,107.93181818181819,48.1875,30.15382367289324,25.293476
2018-10-11 00:00:00+00:00,val,64.525,107.93181818181819,88.40217391304348,32.893029938937104,25.561865
2018-10-12 00:00:00+00:00,val,24.942105263157895,107.93181818181819,118.36904761904762,29.95363176883917,25.958359
2018-10-13 00:00:00+00:00,val,33.32083333333333,107.93181818181819,102.68353174603175,30.499286502364857,25.60268
2018-10-14 00:00:00+00:00,val,59.99499999999999,107.93181818181819,86.99801587301587,31.94845185283922,25.71559
2018-10-15 00:00:00+00:00,val,47.657916666666665,107.93181818181819,71.3125,27.60835323899115,25.124344
2018-10-16 00:00:00+00:00,val,35.32083333333333,107.93181818181819,107.93181818181819,27.114527930916417,25.124344
2018-10-17 00:00:00+00:00,val,31.620833333333334,107.93181818181819,48.1875,26.424939880036845,25.319834
2018-10-18 00:00:00+00:00,val,32.268181818181816,107.93181818181819,88.40217391304348,29.25362228128047,25.60268
2018-10-19 00:00:00+00:00,val,19.6125,107.93181818181819,118.36904761904762,26.396384226007573,25.60268
2018-10-20 00:00:00+00:00,val,24.825,107.93181818181819,102.68353174603175,27.031833158954555,25.60268
2018-10-21 00:00:00+00:00,val,20.7375,107.93181818181819,86.99801587301587,28.57410962070419,25.600964
2018-10-22 00:00:00+00:00,val,31.941666666666666,107.93181818181819,71.3125,24.31937670166924,25.009718
2018-10-23 00:00:00+00:00,val,29.966666666666665,107.93181818181819,107.93181818181819,23.91889135705132,23.945547
2018-10-24 00:00:00+00:00,val,17.458333333333332,107.93181818181819,48.1875,23.323900542406577,24.272118
2018-10-25 00:00:00+00:00,val,27.3875,107.93181818181819,88.40217391304348,26.254441571707048,24.554964
2018-10-26 00:00:00+00:00,val,34.38333333333333,107.93181818181819,118.36904761904762,23.49113673051177,24.554964
2018-10-27 00:00:00+00:00,val,32.426086956521736,107.93181818181819,102.68353174603175,24.22755903879344,24.554964
2018-10-28 00:00:00+00:00,val,29.97083333333333,107.93181818181819,86.99801587301587,25.873516397287048,24.333326
2018-10-29 00:00:00+00:00,val,16.0125,107.93181818181819,71.3125,21.714083712250197,23.611
2018-10-30 00:00:00+00:00,val,18.754166666666666,107.93181818181819,107.93181818181819,21.416256381941636,23.611
2018-10-31 00:00:00+00:00,val,11.47391304347826,107.93181818181819,48.1875,20.924547011114665,23.93757
2018-11-01 00:00:00+00:00,val,25.22941176470588,107.93181818181819,88.40217391304348,23.9650012406148,24.220417
2018-11-02 00:00:00+00:00,val,25.105882352941176,107.93181818181819,118.36904761904762,21.303024700084098,24.220417
2018-11-03 00:00:00+00:00,val,2.0,107.93181818181819,102.68353174603175,22.147176299870576,24.220417
2018-11-04 00:00:00+00:00,val,11.023529411764706,107.93181818181819,86.99801587301587,23.902920670946532,24.333326
2018-11-05 00:00:00+00:00,val,12.291666666666666,107.93181818181819,71.3125,19.844223537149077,23.611
2018-11-06 00:00:00+00:00,val,33.641666666666666,107.93181818181819,107.93181818181819,19.65384246024409,23.725712
2018-11-07 00:00:00+00:00,val,34.44166666666667,107.93181818181819,48.1875,19.269543268536204,24.250889
2018-11-08 00:00:00+00:00,val,31.919047619047618,107.93181818181819,88.40217391304348,22.423389122522142,24.558336
2018-11-09 00:00:00+00:00,val,21.162499999999998,107.93181818181819,118.36904761904762,19.865544089415234,24.558336
2018-11-10 00:00:00+00:00,val,41.475,107.93181818181819,102.68353174603175,20.81957831971108,24.558336
2018-11-11 00:00:00+00:00,val,36.737500000000004,107.93181818181819,86.99801587301587,22.686607531534325,24.938904
2018-11-12 00:00:00+00:00,val,18.929166666666667,107.93181818181819,71.3125,18.72947223502651,23.692007
2018-11-13 00:00:00+00:00,val,23.09583333333333,107.93181818181819,107.93181818181819,18.646720907639533,23.692007
2018-11-14 00:00:00+00:00,val,14.456612318840579,107.93181818181819,48.1875,18.369365133638215,24.018578
2018-11-15 00:00:00+00:00,val,5.817391304347827,107.93181818181819,88.40217391304348,21.635499759329925,24.301424
2018-11-16 00:00:00+00:00,val,4.266666666666667,107.93181818181819,118.36904761904762,19.180027274578702,24.169632
2018-11-17 00:00:00+00:00,val,15.12142857142857,107.93181818181819,102.68353174603175,20.2415593622783,24.169632
2018-11-18 00:00:00+00:00,val,31.984210526315792,107.93181818181819,86.99801587301587,22.216862039061276,24.807112
2018-11-19 00:00:00+00:00,val,26.993333333333332,107.93181818181819,71.3125,18.357639364694812,23.692007
2018-11-20 00:00:00+00:00,val,21.392307692307693,107.93181818181819,107.93181818181819,18.378264304192722,23.692007
2018-11-21 00:00:00+00:00,val,9.347058823529412,107.93181818181819,48.1875,18.202991436624394,24.23519
2018-11-22 00:00:00+00:00,val,2.8375,107.93181818181819,88.40217391304348,21.575966142911337,24.403324
2018-11-23 00:00:00+00:00,val,1.9541666666666666,107.93181818181819,118.36904761904762,19.21681388259199,24.403324
2018-11-24 00:00:00+00:00,val,16.415,107.93181818181819,102.68353174603175,20.37922273776337,24.774948
2018-11-25 00:00:00+00:00,val,12.85,107.93181818181819,86.99801587301587,22.455612683393333,24.887857
2018-11-26 00:00:00+00:00,val,1.7416666666666665,107.93181818181819,71.3125,18.68654444332788,24.412035
2018-11-27 00:00:00+00:00,val,5.389473684210526,107.93181818181819,107.93181818181819,18.802253381444487,24.156471
2018-11-28 00:00:00+00:00,val,16.9,107.93181818181819,48.1875,18.72023850018244,24.152643
2018-11-29 00:00:00+00:00,val,19.407692307692308,107.93181818181819,88.40217391304348,22.19071869414776,24.43549
2018-11-30 00:00:00+00:00,val,29.920512820512823,107.93181818181819,118.36904761904762,19.91803091399841,24.43549
2018-12-01 00:00:00+00:00,val,40.43333333333334,107.93181818181819,102.68353174603175,21.170978460661143,24.43549
2018-12-02 00:00:00+00:00,val,45.18333333333334,107.93181818181819,86.99801587301587,23.337642720323892,24.433687
2018-12-03 00:00:00+00:00,val,49.49583333333334,107.93181818181819,71.3125,19.64743785824487,23.957865
2018-12-04 00:00:00+00:00,val,42.1,107.93181818181819,107.93181818181819,19.846503167778007,23.957865
2018-12-05 00:00:00+00:00,val,11.179166666666667,107.93181818181819,48.1875,19.845586941686662,24.152643
2018-12-06 00:00:00+00:00,val,27.483333333333334,107.93181818181819,88.40217391304348,23.401007916105485,24.43549
2018-12-07 00:00:00+00:00,val,57.56,107.93181818181819,118.36904761904762,21.201806217809466,24.43549
2018-12-08 00:00:00+00:00,val,61.76111111111111,107.93181818181819,102.68353174603175,22.53194229995501,26.086344
2018-12-09 00:00:00+00:00,val,69.45,107.93181818181819,86.99801587301587,24.77516933945029,26.646753
2018-12-10 00:00:00+00:00,val,42.07142857142857,107.93181818181819,71.3125,21.149754490432834,26.17093
2018-12-11 00:00:00+00:00,val,4.92,107.93181818181819,107.93181818181819,21.417785207821282,26.17093
2018-12-12 00:00:00+00:00,val,18.541176470588233,107.93181818181819,48.1875,21.483266437997468,26.36571
2018-12-13 00:00:00+00:00,val,10.25,107.93181818181819,88.40217391304348,25.108645470260512,26.648556
2018-12-14 00:00:00+00:00,val,16.23015873015873,107.93181818181819,118.36904761904762,22.967659469136006,26.648556
2018-12-15 00:00:00+00:00,val,22.210317460317462,107.93181818181819,102.68353174603175,24.359470079737626,26.525013
2018-12-16 00:00:00+00:00,val,28.19047619047619,107.93181818181819,86.99801587301587,26.663514548812717,26.637922
2018-12-17 00:00:00+00:00,val,21.063636363636363,107.93181818181819,71.3125,23.08691429171064,26.283464
2018-12-18 00:00:00+00:00,val,19.212500000000002,107.93181818181819,107.93181818181819,23.407750796330056,26.283464
2018-12-19 00:00:00+00:00,val,34.775,107.93181818181819,48.1875,23.523294444322755,26.242167
2018-12-20 00:00:00+00:00,val,48.975,107.93181818181819,88.40217391304348,27.202151081199215,26.525013
2018-12-21 00:00:00+00:00,val,43.65,107.93181818181819,118.36904761904762,25.102749841874843,26.525013
2018-12-22 00:00:00+00:00,val,51.6,107.93181818181819,102.68353174603175,26.539498592136983,26.410301
2018-12-23 00:00:00+00:00,val,31.299999999999997,107.93181818181819,86.99801587301587,28.887531699369717,27.161484
2018-12-24 00:00:00+00:00,val,36.50416666666667,107.93181818181819,71.3125,25.34282670018511,26.807026
2018-12-25 00:00:00+00:00,val,19.958333333333332,107.93181818181819,107.93181818181819,25.69950548135066,26.807026
2018-12-26 00:00:00+00:00,val,3.5875000000000004,107.93181818181819,48.1875,25.848112908373547,27.215471
2018-12-27 00:00:00+00:00,val,1.875,107.93181818181819,88.40217391304348,29.56344352096444,27.498318
2018-12-28 00:00:00+00:00,val,1.58,107.93181818181819,118.36904761904762,27.488613267778085,27.974184
2018-12-29 00:00:00+00:00,val,2.3291666666666666,107.93181818181819,102.68353174603175,28.953321090462676,28.757412
2018-12-30 00:00:00+00:00,val,13.329166666666666,107.93181818181819,86.99801587301587,31.328411135932708,30.207422
2018-12-31 00:00:00+00:00,val,40.166666666666664,107.93181818181819,71.3125,27.798718346619303,33.60794
2019-01-01 00:00:00+00:00,val,46.28809523809524,107.93181818181819,107.93181818181819,28.17445070720327,37.793583
2019-01-02 00:00:00+00:00,val,52.409523809523805,107.93181818181819,48.1875,28.33943572430164,36.427
2019-01-03 00:00:00+00:00,val,42.6875,107.93181818181819,88.40217391304348,32.074685751069985,36.66886
2019-01-04 00:00:00+00:00,val,35.079166666666666,107.93181818181819,118.36904761904762,30.007997156069038,36.106884
2019-01-05 00:00:00+00:00,val,46.725,107.93181818181819,102.68353174603175,31.484403497953416,35.894707
2019-01-06 00:00:00+00:00,val,27.849999999999998,107.93181818181819,86.99801587301587,33.87046983815246,35.69252
2019-01-07 00:00:00+00:00,val,20.4875,107.93181818181819,71.3125,30.339888111874792,34.992317
2019-01-08 00:00:00+00:00,val,40.42916666666667,107.93181818181819,107.93181818181819,30.718996323190076,34.06773
2019-01-09 00:00:00+00:00,val,53.76666666666667,107.93181818181819,48.1875,30.88491078749309,35.890194
2019-01-10 00:00:00+00:00,val,32.957142857142856,107.93181818181819,88.40217391304348,34.62488868755403,34.044815
2019-01-11 00:00:00+00:00,val,16.541666666666668,107.93181818181819,118.36904761904762,32.55139811154531,35.48359
2019-01-12 00:00:00+00:00,val,51.6,107.93181818181819,102.68353174603175,34.02484840949688,33.50509
2019-01-13 00:00:00+00:00,val,48.26875,107.93181818181819,86.99801587301587,36.40753413325912,32.648785
2019-01-14 00:00:00+00:00,val,44.9375,107.93181818181819,71.3125,32.86200108385079,32.14837
2019-01-15 00:00:00+00:00,val,38.19166666666667,107.93181818181819,107.93181818181819,33.230758432498625,33.173515
2019-01-16 00:00:00+00:00,val,41.288141025641025,107.93181818181819,48.1875,33.38421450646168,32.229828
2019-01-17 00:00:00+00:00,val,44.38461538461539,107.93181818181819,88.40217391304348,37.11589527867284,33.23721
2019-01-18 00:00:00+00:00,val,15.572222222222223,107.93181818181819,118.36904761904762,35.02292862103268,32.229828
2019-01-19 00:00:00+00:00,val,19.988235294117647,107.93181818181819,102.68353174603175,36.481137578152214,33.11964
2019-01-20 00:00:00+00:00,val,17.2875,107.93181818181819,86.99801587301587,38.848551330327,34.14926
2019-01-21 00:00:00+00:00,val,6.479166666666667,107.93181818181819,71.3125,35.276562851361675,37.314796
2019-01-22 00:00:00+00:00,val,10.795454545454545,107.93181818181819,107.93181818181819,35.623890029393515,35.4286
2019-01-23 00:00:00+00:00,val,21.087500000000002,107.93181818181819,48.1875,35.75423264631357,35.53311
2019-01-24 00:00:00+00:00,val,12.09,107.93181818181819,88.40217391304348,39.4674056040688,35.991314
2019-01-25 00:00:00+00:00,val,7.127777777777778,107.93181818181819,118.36904761904762,37.34518065114684,36.151775
2019-01-26 00:00:00+00:00,val,44.06818181818182,107.93181818181819,102.68353174603175,38.778828454613276,35.9864
2019-01-27 00:00:00+00:00,val,57.55833333333334,107.93181818181819,86.99801587301587,41.12211385128302,35.979668
2019-01-28 00:00:00+00:00,val,40.904545454545456,107.93181818181819,71.3125,37.515266089540404,34.878475
2019-01-29 00:00:00+00:00,val,20.38888888888889,107.93181818181819,107.93181818181819,37.83324512088678,34.47187
2019-01-30 00:00:00+00:00,val,40.00909090909091,107.93181818181819,48.1875,37.933037293333385,34.535564
2019-01-31 00:00:00+00:00,val,32.99545454545454,107.93181818181819,88.40217391304348,41.62076221918164,34.535564
2019-02-01 00:00:00+00:00,val,20.889473684210525,107.93181818181819,118.36904761904762,39.462815144911104,34.535564
2019-02-02 00:00:00+00:00,val,34.160869565217396,107.93181818181819,102.68353174603175,40.86594384881501,34.535564
2019-02-03 00:00:00+00:00,val,36.395833333333336,107.93181818181819,86.99801587301587,43.179645315326184,34.648476
2019-02-04 00:00:00+00:00,val,11.754999999999999,107.93181818181819,71.3125,39.532969574287954,34.47187
2019-02-05 00:00:00+00:00,val,15.97777777777778,107.93181818181819,107.93181818181819,39.817147431877316,34.47187
2019-02-06 00:00:00+00:00,val,18.344444444444445,107.93181818181819,48.1875,39.88244226866622,34.535564
2019-02-07 00:00:00+00:00,val,20.711111111111112,107.93181818181819,88.40217391304348,43.5412895559612,34.651817
2019-02-08 00:00:00+00:00,val,23.07777777777778,107.93181818181819,118.36904761904762,41.34468295175437,34.651817
2019-02-09 00:00:00+00:00,val,25.444444444444446,107.93181818181819,102.68353174603175,42.71487219805428,34.651817
2019-02-10 00:00:00+00:00,val,27.811111111111114,107.93181818181819,86.99801587301587,44.99707822309223,35.24021
2019-02-11 00:00:00+00:00,val,30.17777777777778,107.93181818181819,71.3125,41.30915163166177,35.285366
2019-02-12 00:00:00+00:00,val,21.23888888888889,107.93181818181819,107.93181818181819,41.558618242059545,35.285366
2019-02-13 00:00:00+00:00,val,12.299999999999999,107.93181818181819,48.1875,41.58900424968717,35.34906
2019-02-14 00:00:00+00:00,val,10.426315789473684,107.93181818181819,88.40217391304348,45.21906750148482,35.34906
2019-02-15 00:00:00+00:00,val,13.700000000000001,107.93181818181819,118.36904761904762,42.98437031288322,35.34906
2019-02-16 00:00:00+00:00,val,22.063333333333333,107.93181818181819,102.68353174603175,44.322684685887104,35.34906
2019-02-17 00:00:00+00:00,val,30.42666666666667,107.93181818181819,86.99801587301587,46.574942713321754,35.46197
2019-02-18 00:00:00+00:00,test,30.03333333333333,30.42666666666667,30.17777777777778,36.739853951895824,29.92895
2019-02-19 00:00:00+00:00,test,35.4,30.42666666666667,21.23888888888889,36.34223998783632,30.90559
2019-02-20 00:00:00+00:00,test,23.42058823529412,30.42666666666667,12.299999999999999,36.16896794222309,32.34819
2019-02-21 00:00:00+00:00,test,11.441176470588236,30.42666666666667,10.426315789473684,38.54490621458091,31.941774
2019-02-22 00:00:00+00:00,test,17.056521739130435,30.42666666666667,13.700000000000001,36.77930983142768,32.2827
2019-02-23 00:00:00+00:00,test,30.68421052631579,30.42666666666667,22.063333333333333,39.78594029423059,33.146156
2019-02-24 00:00:00+00:00,test,36.512499999999996,30.42666666666667,30.42666666666667,41.85293016905042,33.49845
2019-02-25 00:00:00+00:00,test,25.458333333333332,30.42666666666667,30.17777777777778,37.92648156485065,34.587627
2019-02-26 00:00:00+00:00,test,17.474999999999998,30.42666666666667,21.23888888888889,37.5271639851339,35.17758
2019-02-27 00:00:00+00:00,test,15.645833333333334,30.42666666666667,12.299999999999999,37.353247454828406,33.719006
2019-02-28 00:00:00+00:00,test,49.42083333333333,30.42666666666667,10.426315789473684,39.73082422711036,36.818916
2019-03-01 00:00:00+00:00,test,51.6,30.42666666666667,13.700000000000001,37.965697295443555,34.25127
2019-03-02 00:00:00+00:00,test,50.58095238095238,30.42666666666667,22.063333333333333,40.976264275831724,36.6943
2019-03-03 00:00:00+00:00,test,63.5,30.42666666666667,30.42666666666667,43.04770945738213,36.901253
2019-03-04 00:00:00+00:00,test,73.07083333333334,30.42666666666667,30.17777777777778,39.12362594384171,36.67522
2019-03-05 00:00:00+00:00,test,50.69583333333333,30.42666666666667,21.23888888888889,38.72952825550015,35.95202
2019-03-06 00:00:00+00:00,test,36.454166666666666,30.42666666666667,12.299999999999999,38.56198190827564,35.77056
2019-03-07 00:00:00+00:00,test,67.64583333333333,30.42666666666667,10.426315789473684,40.948290392198786,35.573055
2019-03-08 00:00:00+00:00,test,59.550000000000004,30.42666666666667,13.700000000000001,39.19078950391053,35.691704
2019-03-09 00:00:00+00:00,test,51.23333333333333,30.42666666666667,22.063333333333333,42.21250189790183,36.567757
2019-03-10 00:00:00+00:00,test,69.00416666666666,30.42666666666667,30.42666666666667,44.2956484901591,37.17231
2019-03-11 00:00:00+00:00,test,62.875,30.42666666666667,30.17777777777778,40.38119838842193,36.65565
2019-03-12 00:00:00+00:00,test,55.512499999999996,30.42666666666667,21.23888888888889,39.999600002409586,36.65565
2019-03-13 00:00:00+00:00,test,68.20416666666667,30.42666666666667,12.299999999999999,39.84569972912699,36.742516
2019-03-14 00:00:00+00:00,test,59.99166666666667,30.42666666666667,10.426315789473684,42.247999179790426,36.872856
2019-03-15 00:00:00+00:00,test,51.77916666666667,30.42666666666667,13.700000000000001,40.505351413442504,36.872856
2019-03-16 00:00:00+00:00,test,70.44166666666666,30.42666666666667,22.063333333333333,43.545392795799174,37.36851
2019-03-17 00:00:00+00:00,test,72.60555555555555,30.42666666666667,30.42666666666667,45.647365644275986,36.487415
2019-03-18 00:00:00+00:00,test,52.82380952380952,30.42666666666667,30.17777777777778,41.749600074790514,38.419033
2019-03-19 00:00:00+00:00,test,39.270833333333336,30.42666666666667,21.23888888888889,41.38746738035728,37.99421
2019-03-20 00:00:00+00:00,test,29.400000000000002,30.42666666666667,12.299999999999999,41.25408047271585,37.93691
2019-03-21 00:00:00+00:00,test,40.62083333333333,30.42666666666667,10.426315789473684,43.679126336798205,38.114292
2019-03-22 00:00:00+00:00,test,26.645833333333332,30.42666666666667,13.700000000000001,41.95796024367717,37.970127
2019-03-23 00:00:00+00:00,test,41.77916666666667,30.42666666666667,22.063333333333333,45.02282155852278,38.110683
2019-03-24 00:00:00+00:00,test,40.98636363636364,30.42666666666667,30.42666666666667,47.149959510394346,38.110683
2019-03-25 00:00:00+00:00,test,65.14999999999999,30.42666666666667,30.17777777777778,43.27505108469499,37.296654
2019-03-26 00:00:00+00:00,test,75.1125,30.42666666666667,21.23888888888889,42.938380431125935,38.14984
2019-03-27 00:00:00+00:00,test,49.987500000000004,30.42666666666667,12.299999999999999,42.83131370677959,37.811882
2019-03-28 00:00:00+00:00,test,47.34583333333333,30.42666666666667,10.426315789473684,45.28471173853689,39.1978
2019-03-29 00:00:00+00:00,test,41.614285714285714,30.42666666666667,13.700000000000001,43.590418290096515,38.772976
2019-03-30 00:00:00+00:00,test,49.19047619047619,30.42666666666667,22.063333333333333,46.685266462409054,39.37078
2019-03-31 00:00:00+00:00,test,56.7875,30.42666666666667,30.42666666666667,48.842499465696406,39.37078
2019-04-01 00:00:00+00:00,test,64.58333333333333,30.42666666666667,30.17777777777778,44.995128686952434,38.71154
2019-04-02 00:00:00+00:00,test,64.35000000000001,30.42666666666667,21.23888888888889,44.68834288820984,38.71154
2019-04-03 00:00:00+00:00,test,64.63333333333334,30.42666666666667,12.299999999999999,44.61175009030718,39.12008
2019-04-04 00:00:00+00:00,test,67.5702380952381,30.42666666666667,10.426315789473684,47.09737542393532,38.8095
2019-04-05 00:00:00+00:00,test,70.50714285714285,30.42666666666667,13.700000000000001,45.433539521081784,39.0108
2019-04-06 00:00:00+00:00,test,64.05833333333334,30.42666666666667,22.063333333333333,48.56166215225219,39.407307
2019-04-07 00:00:00+00:00,test,62.4625,30.42666666666667,30.42666666666667,50.75196987134228,39.845528
2019-04-08 00:00:00+00:00,test,44.65416666666667,30.42666666666667,30.17777777777778,46.934798386977214,39.221462
2019-04-09 00:00:00+00:00,test,45.887499999999996,30.42666666666667,21.23888888888889,46.660235311134976,38.721397
2019-04-10 00:00:00+00:00,test,34.1,30.42666666666667,12.299999999999999,46.61612171600963,38.87992
2019-04-11 00:00:00+00:00,test,56.67083333333333,30.42666666666667,10.426315789473684,49.13564015392987,39.838886
2019-04-12 00:00:00+00:00,test,56.23333333333333,30.42666666666667,13.700000000000001,47.50357923833144,40.33895
2019-04-13 00:00:00+00:00,test,60.44166666666666,30.42666666666667,22.063333333333333,50.66594116223565,40.642025
2019-04-14 00:00:00+00:00,test,64.64999999999999,30.42666666666667,30.42666666666667,52.88992807900363,40.642025
2019-04-15 00:00:00+00:00,test,61.86666666666667,30.42666666666667,30.17777777777778,49.10319290497181,40.286762
2019-04-16 00:00:00+00:00,test,31.8125,30.42666666666667,21.23888888888889,48.86071937686231,40.48806
2019-04-17 00:00:00+00:00,test,50.125,30.42666666666667,12.299999999999999,48.84857590669665,40.574924
2019-04-18 00:00:00+00:00,test,74.94166666666666,30.42666666666667,10.426315789473684,51.401098749662474,40.406845
2019-04-19 00:00:00+00:00,test,73.19166666666666,30.42666666666667,13.700000000000001,49.799538833883105,40.406845
2019-04-20 00:00:00+00:00,test,96.32083333333333,30.42666666666667,22.063333333333333,52.99447980419124,39.28364
2019-04-21 00:00:00+00:00,test,82.50833333333334,30.42666666666667,30.42666666666667,55.25009499363395,40.20679
2019-04-22 00:00:00+00:00,test,74.05,30.42666666666667,30.17777777777778,51.491350782996854,38.93055
2019-04-23 00:00:00+00:00,test,47.45416666666667,30.42666666666667,21.23888888888889,51.27812772331843,38.430485
2019-04-24 00:00:00+00:00,test,62.44583333333333,30.42666666666667,12.299999999999999,51.29471930587,38.73655
2019-04-25 00:00:00+00:00,test,59.94583333333333,30.42666666666667,10.426315789473684,53.87661525546622,38.769768
2019-04-26 00:00:00+00:00,test,47.1,30.42666666666667,13.700000000000001,52.301526662051586,39.75299
2019-04-27 00:00:00+00:00,test,72.33749999999999,30.42666666666667,22.063333333333333,55.52462119301059,40.52035
2019-04-28 00:00:00+00:00,test,61.00416666666666,30.42666666666667,30.42666666666667,57.80704250179263,40.52035
2019-04-29 00:00:00+00:00,test,52.737500000000004,30.42666666666667,30.17777777777778,54.07107026775479,39.867123
2019-04-30 00:00:00+00:00,test,49.85,30.42666666666667,21.23888888888889,53.88148613771757,40.532047
2019-05-01 00:00:00+00:00,test,61.24583333333334,30.42666666666667,12.299999999999999,53.920810019857576,40.82049
2019-05-02 00:00:00+00:00,test,53.73333333333333,30.42666666666667,10.426315789473684,56.52568847818258,40.85371
2019-05-03 00:00:00+00:00,test,48.5,30.42666666666667,13.700000000000001,54.97029421254747,40.540554
2019-05-04 00:00:00+00:00,test,55.73333333333333,30.42666666666667,22.063333333333333,58.21438508182205,41.274998
2019-05-05 00:00:00+00:00,test,65.22083333333333,30.42666666666667,30.42666666666667,60.51607778741866,41.274998
2019-05-06 00:00:00+00:00,test,49.8125,30.42666666666667,30.17777777777778,56.794968714668556,40.21889
2019-05-07 00:00:00+00:00,test,61.30416666666667,30.42666666666667,21.23888888888889,56.62074844496647,40.21889
2019-05-08 00:00:00+00:00,test,57.64166666666667,30.42666666666667,12.299999999999999,56.67416817427126,40.876705
2019-05-09 00:00:00+00:00,test,53.012499999999996,30.42666666666667,10.426315789473684,59.29303818275134,40.909924
2019-05-10 00:00:00+00:00,test,51.65416666666667,30.42666666666667,13.700000000000001,57.747997703528505,40.890064
2019-05-11 00:00:00+00:00,test,61.84285714285714,30.42666666666667,22.063333333333333,61.003404398236285,41.394436
2019-05-12 00:00:00+00:00,test,77.04583333333333,30.42666666666667,30.42666666666667,63.31435414481027,41.394436
2019-05-13 00:00:00+00:00,test,76.64166666666667,30.42666666666667,30.17777777777778,59.59776679960296,40.5684
2019-05-14 00:00:00+00:00,test,76.2375,30.42666666666667,21.23888888888889,59.42825302951076,40.5684
2019-05-15 00:00:00+00:00,test,76.22083333333333,30.42666666666667,12.299999999999999,59.48480344789867,40.856846
2019-05-16 00:00:00+00:00,test,78.19130434782609,30.42666666666667,10.426315789473684,62.106402132015965,40.890064
2019-05-17 00:00:00+00:00,test,54.833333333333336,30.42666666666667,13.700000000000001,60.560162914791604,40.58487
2019-05-18 00:00:00+00:00,test,60.3375,30.42666666666667,22.063333333333333,63.81505595390823,41.051224
2019-05-19 00:00:00+00:00,test,45.041666666666664,30.42666666666667,30.42666666666667,66.12316544519891,41.051224
2019-05-20 00:00:00+00:00,test,65.02916666666667,30.42666666666667,30.17777777777778,62.39874442313894,40.274776
2019-05-21 00:00:00+00:00,test,58.85833333333333,30.42666666666667,21.23888888888889,62.221337660673655,40.274776
2019-05-22 00:00:00+00:00,test,68.20833333333333,30.42666666666667,12.299999999999999,62.26818610800866,40.74519
2019-05-23 00:00:00+00:00,test,70.05416666666666,30.42666666666667,10.426315789473684,64.87946042953097,40.778408
2019-05-24 00:00:00+00:00,test,81.11666666666666,30.42666666666667,13.700000000000001,63.31875974757607,40.778408
2019-05-25 00:00:00+00:00,test,52.93333333333333,30.42666666666667,22.063333333333333,66.55968194633458,42.085728
2019-05-26 00:00:00+00:00,test,47.67083333333333,30.42666666666667,30.42666666666667,68.85131112481311,42.085728
2019-05-27 00:00:00+00:00,test,53.8125,30.42666666666667,30.17777777777778,65.10524555243504,40.098293
2019-05-28 00:00:00+00:00,test,49.824999999999996,30.42666666666667,21.23888888888889,64.90598038329946,40.098293
2019-05-29 00:00:00+00:00,test,52.25833333333333,30.42666666666667,12.299999999999999,64.92901997661758,40.74519
2019-05-30 00:00:00+00:00,test,31.941666666666666,30.42666666666667,10.426315789473684,67.51573642475134,40.778408
2019-05-31 00:00:00+00:00,test,42.67916666666667,30.42666666666667,13.700000000000001,65.92622677323266,40.778408
2019-06-01 00:00:00+00:00,test,61.68571428571429,30.42666666666667,22.063333333333333,69.13873370180681,41.28278
2019-06-02 00:00:00+00:00,test,75.6875,30.42666666666667,30.42666666666667,71.39935452433926,41.28278
2019-06-03 00:00:00+00:00,test,47.26666666666667,30.42666666666667,30.17777777777778,67.61704641618996,40.098293
2019-06-04 00:00:00+00:00,test,47.1875,30.42666666666667,21.23888888888889,67.38127268950623,40.098293
2019-06-05 00:00:00+00:00,test,42.237500000000004,30.42666666666667,12.299999999999999,67.36581556830134,40.74519
2019-06-06 00:00:00+00:00,test,37.94285714285714,30.42666666666667,10.426315789473684,69.91326468000148,40.778408
2019-06-07 00:00:00+00:00,test,65.75263157894737,30.42666666666667,13.700000000000001,68.28022877227448,40.778408
2019-06-08 00:00:00+00:00,test,55.53636363636363,30.42666666666667,22.063333333333333,71.44961341543802,42.085728
2019-06-09 00:00:00+00:00,test,48.72083333333333,30.42666666666667,30.42666666666667,73.66454335106812,42.085728
2019-06-10 00:00:00+00:00,test,59.64166666666666,30.42666666666667,30.17777777777778,69.83134910871286,40.098293
2019-06-11 00:00:00+00:00,test,42.37916666666667,30.42666666666667,21.23888888888889,69.54448058967525,40.098293
2019-06-12 00:00:00+00:00,test,39.452083333333334,30.42666666666667,12.299999999999999,69.4760128649404,40.74519
2019-06-13 00:00:00+00:00,test,36.525,30.42666666666667,10.426315789473684,71.96976960440487,40.778408
2019-06-14 00:00:00+00:00,test,54.67916666666667,30.42666666666667,13.700000000000001,70.27888530836734,40.778408
2019-06-15 00:00:00+00:00,test,63.22857142857143,30.42666666666667,22.063333333333333,73.39094667847927,42.34974
2019-06-16 00:00:00+00:00,test,46.3125,30.42666666666667,30.42666666666667,75.54612011221886,42.52284
2019-06-17 00:00:00+00:00,test,39.44583333333333,30.42666666666667,30.17777777777778,71.64812382845244,40.6289
2019-06-18 00:00:00+00:00,test,36.625,30.42666666666667,21.23888888888889,71.29641250906671,40.4558
2019-06-19 00:00:00+00:00,test,89.2,30.42666666666667,12.299999999999999,71.16136868420779,40.790703
2019-06-20 00:00:00+00:00,test,60.9,30.42666666666667,10.426315789473684,73.58806607620994,40.82392
2019-06-21 00:00:00+00:00,test,62.34583333333333,30.42666666666667,13.700000000000001,71.82617836194883,40.82392
2019-06-22 00:00:00+00:00,test,80.28571428571429,30.42666666666667,22.063333333333333,74.86799086352363,42.34974
2019-06-23 00:00:00+00:00,test,79.675,30.42666666666667,30.42666666666667,76.95072498222238,42.52284
2019-06-24 00:00:00+00:00,test,70.72500000000001,30.42666666666667,30.17777777777778,72.97549995543841,40.573414
2019-06-25 00:00:00+00:00,test,78.63333333333334,30.42666666666667,21.23888888888889,72.54679230846763,40.400314
2019-06-26 00:00:00+00:00,test,99.63478260869564,30.42666666666667,12.299999999999999,72.33330538882831,40.735218
2019-06-27 00:00:00+00:00,test,91.85652173913043,30.42666666666667,10.426315789473684,74.68137760579083,40.768436
2019-06-28 00:00:00+00:00,test,109.49565217391304,30.42666666666667,13.700000000000001,72.83723373917958,40.768436
2019-06-29 00:00:00+00:00,test,99.22500000000001,30.42666666666667,22.063333333333333,75.79787360601614,41.96288
2019-06-30 00:00:00+00:00,test,78.82083333333334,30.42666666666667,30.42666666666667,77.79758522508064,41.96288
2019-07-01 00:00:00+00:00,test,63.25416666666666,30.42666666666667,30.17777777777778,73.7349003317012,43.25088
2019-07-02 00:00:00+00:00,test,77.075,30.42666666666667,21.23888888888889,73.21933239598638,43.42398
2019-07-03 00:00:00+00:00,test,76.34166666666667,30.42666666666667,12.299999999999999,72.9179168662813,44.38287
2019-07-04 00:00:00+00:00,test,82.24166666666666,30.42666666666667,10.426315789473684,75.1782692900593,49.110203
2019-07-05 00:00:00+00:00,test,87.57916666666667,30.42666666666667,13.700000000000001,73.24317518509689,48.870724
2019-07-06 00:00:00+00:00,test,104.23333333333333,30.42666666666667,22.063333333333333,76.1143623442905,47.98954
2019-07-07 00:00:00+00:00,test,67.90833333333333,30.42666666666667,30.42666666666667,78.02319452031807,49.059032
2019-07-08 00:00:00+00:00,test,73.35416666666667,30.42666666666667,30.17777777777778,73.86562482973409,46.630787
2019-07-09 00:00:00+00:00,test,73.875,30.42666666666667,21.23888888888889,73.25621609874773,47.893673
2019-07-10 00:00:00+00:00,test,87.30833333333334,30.42666666666667,12.299999999999999,72.86034437502113,48.682003
2019-07-11 00:00:00+00:00,test,65.365,30.42666666666667,10.426315789473684,75.02691192138528,48.71522
2019-07-12 00:00:00+00:00,test,68.99916666666667,30.42666666666667,13.700000000000001,72.99527166647154,48.71522
2019-07-13 00:00:00+00:00,test,72.63333333333334,30.42666666666667,22.063333333333333,75.77188981669548,49.876617
2019-07-14 00:00:00+00:00,test,61.1,30.42666666666667,30.42666666666667,77.58521184969194,50.006634
2019-07-15 00:00:00+00:00,test,62.57083333333333,30.42666666666667,30.17777777777778,73.32861794481208,48.957905
2019-07-16 00:00:00+00:00,test,72.60416666666667,30.42666666666667,21.23888888888889,72.62172942311982,49.257412
2019-07-17 00:00:00+00:00,test,80.17083333333333,30.42666666666667,12.299999999999999,72.12826808657948,50.04459
2019-07-18 00:00:00+00:00,test,55.53333333333333,30.42666666666667,10.426315789473684,74.19842908242777,50.500217
2019-07-19 00:00:00+00:00,test,46.833333333333336,30.42666666666667,13.700000000000001,72.06813595214018,50.500217
2019-07-20 00:00:00+00:00,test,32.31304347826087,30.42666666666667,22.063333333333333,74.74860022696578,51.00459
2019-07-21 00:00:00+00:00,test,51.574999999999996,30.42666666666667,30.42666666666667,76.46535151855454,51.636795
2019-07-22 00:00:00+00:00,test,78.51666666666667,30.42666666666667,30.17777777777778,72.10919911916353,50.829597
2019-07-23 00:00:00+00:00,test,87.43333333333334,30.42666666666667,21.23888888888889,71.30482830862314,50.45231
2019-07-24 00:00:00+00:00,test,107.075,30.42666666666667,12.299999999999999,70.71430808028425,50.60461
2019-07-25 00:00:00+00:00,test,103.74166666666667,30.42666666666667,10.426315789473684,72.68912888069912,50.3772
2019-07-26 00:00:00+00:00,test,64.25416666666666,30.42666666666667,13.700000000000001,70.46178427801235,50.3772
2019-07-27 00:00:00+00:00,test,50.82380952380952,30.42666666666667,22.063333333333333,73.04823422520671,50.881573
2019-07-28 00:00:00+00:00,test,56.55833333333334,30.42666666666667,30.42666666666667,74.67109103643355,51.376167
2019-07-29 00:00:00+00:00,test,64.175,30.42666666666667,30.17777777777778,70.2185913067628,50.56897
2019-07-30 00:00:00+00:00,test,55.78333333333333,30.42666666666667,21.23888888888889,69.32048586523047,49.697086
2019-07-31 00:00:00+00:00,test,49.020833333333336,30.42666666666667,12.299999999999999,68.63718844747994,50.343983
2019-08-01 00:00:00+00:00,test,50.0,30.42666666666667,10.426315789473684,70.52148332243796,50.3772
2019-08-02 00:00:00+00:00,test,67.29166666666667,30.42666666666667,13.700000000000001,68.20242960360187,50.3772
2019-08-03 00:00:00+00:00,test,79.17,30.42666666666667,22.063333333333333,70.70073487207239,50.881573
2019-08-04 00:00:00+00:00,test,82.7375,30.42666666666667,30.42666666666667,72.2360888272892,51.376167
2019-08-05 00:00:00+00:00,test,55.025,30.42666666666667,30.17777777777778,67.69414968275274,50.56897
2019-08-06 00:00:00+00:00,test,37.362500000000004,30.42666666666667,21.23888888888889,66.70973155065248,49.697086
2019-08-07 00:00:00+00:00,test,46.30833333333334,30.42666666666667,12.299999999999999,65.94158662169433,50.343983
2019-08-08 00:00:00+00:00,test,47.46666666666667,30.42666666666667,10.426315789473684,67.74378769744456,50.321598
2019-08-09 00:00:00+00:00,test,23.0,30.42666666666667,13.700000000000001,65.3419511702877,50.321598
2019-08-10 00:00:00+00:00,test,63.07083333333333,30.42666666666667,22.063333333333333,67.7615277061216,50.579586
2019-08-11 00:00:00+00:00,test,55.58125,30.42666666666667,30.42666666666667,69.21927535823656,50.579586
2019-08-12 00:00:00+00:00,test,48.09166666666667,30.42666666666667,30.17777777777778,64.59826460184043,49.15151
2019-08-13 00:00:00+00:00,test,48.13333333333333,30.42666666666667,21.23888888888889,63.53836694193403,49.451015
2019-08-14 00:00:00+00:00,test,38.00833333333333,30.42666666666667,12.299999999999999,62.69666316110826,50.09791
2019-08-15 00:00:00+00:00,test,46.37916666666666,30.42666666666667,10.426315789473684,64.42850578292312,50.13113
2019-08-16 00:00:00+00:00,test,42.895833333333336,30.42666666666667,13.700000000000001,61.95605674828152,50.13113
2019-08-17 00:00:00+00:00,test,25.379166666666666,30.42666666666667,22.063333333333333,64.3095018650971,50.677887
2019-08-18 00:00:00+00:00,test,35.28333333333333,30.42666666666667,30.42666666666667,65.70265517368972,49.758064
2019-08-19 00:00:00+00:00,test,51.29583333333333,30.42666666666667,30.17777777777778,61.01598678892049,48.51694
2019-08-20 00:00:00+00:00,test,59.07083333333333,30.42666666666667,21.23888888888889,59.894416528679045,48.81645
2019-08-21 00:00:00+00:00,test,69.80416666666666,30.42666666666667,12.299999999999999,58.993340790226966,49.104893
2019-08-22 00:00:00+00:00,test,66.22083333333333,30.42666666666667,10.426315789473684,60.66937997614605,49.13811
2019-08-23 00:00:00+00:00,test,85.43333333333334,30.42666666666667,13.700000000000001,58.14122689627776,49.13811
2019-08-24 00:00:00+00:00,test,75.21666666666667,30.42666666666667,22.063333333333333,60.44379169852304,49.866837
2019-08-25 00:00:00+00:00,test,77.45416666666667,30.42666666666667,30.42666666666667,61.78792927313552,49.620453
2019-08-26 00:00:00+00:00,test,79.20833333333333,30.42666666666667,30.17777777777778,57.05149407659726,48.51694
2019-08-27 00:00:00+00:00,test,73.75833333333334,30.42666666666667,21.23888888888889,55.88444258310289,48.750084
2019-08-28 00:00:00+00:00,test,57.47083333333333,30.42666666666667,12.299999999999999,54.94047134911114,49.03853
2019-08-29 00:00:00+00:00,test,56.75416666666666,30.42666666666667,10.426315789473684,56.577454438827026,49.071747
2019-08-30 00:00:00+00:00,test,66.4695652173913,30.42666666666667,13.700000000000001,54.010598581503594,48.702377
